KNI,KNI,KN,O,N,N,N,N,N,N,N,N,N,N,N,N,N,N,N,N,N,N,N,N,N,N,N,N,N,N,N,N,N,N,N,N,N,N,N,N,N,N,N,AN,N,N,N,N,N,N,N,N,N,N,N,N,N,N,N,AN,AN,AN,AN,AN,N,AN,S,N,N,N
Year,Month,Day,Date,Soul 1 ID,Soul 2 ID,Soul 3 ID,Soul 4 ID,Soul 4 Amount,100001,100002,100003,100004,100005,100006,100007,100008,100009,100010,100011,100012,100013,100014,100015,100016,100017,100018,100019,100020,100021,100022,100023,100024,Pool StageGroup 1,100025,100026,100027,100028,100029,100030,Tavern Skin 1 ID,Tavern Skin 2 ID,Skin ID,Spell ID,100031,100032,Dreamland Boss,100033,100034,100035,100036,100037,100038,Kings 1 ID,Kings 2 ID,Kings 3 ID,Kings 4 ID,Kings 5 ID,Kings 6 ID,Shop ID,Shop Slot ID,Shop Goods Group ID,Fixed Activities,Challenge Stage ID,Variable 1 ID,Quest Soul,ActFairy,Soul 7 ID,Daily Rune 1 ID,Daily Rune 2 ID
2014,1,13,41652,149,129,377,34,1,377,,,,,,148,,,,,,,,,,,,,,,,,,,,,,,,,,,,,599,62,,,,,,,,,,,,,,,,,,,630,,,34,,
2014,1,14,41653,144,130,126,34,1,377,,,,,,148,,,,,,,,,,,,,,,,,,,,,,,,,,,,,,10,,,,,,,,,,,,,,,,,,,630,,,34,,
2014,1,15,41654,128,146,139,34,1,377,,,,,,148,,,,,,,,,,,,,,,,,,,,,,,,,,,,,,10,,,,,,,,,,,,,,,,,,,630,,,34,,
2014,1,16,41655,138,376,152,34,1,377,,,,,,148,,,,,,,,,,,,,,,,,,,,,,,,,,,,,,10,,,,,,,,,,,,,,,,,,,630,,,34,,
2014,1,17,41656,147,157,155,34,1,377,,,,,,148,,,,,,,,,,,,,,,,,,,,,,,,,,,,,,10,,,,,,,,,,,,,,,,,,,630,,,34,,
2014,1,18,41657,127,135,132,34,1,377,,,,,,148,,,,,,,,,,,,,,,,,,,,,,,,,,,,,,10,,,,,,,,70,7,10,68,69,31,,,,,,630,,,34,,
2014,1,19,41658,375,139,133,34,1,377,,,,,,148,,,,,,,,,,,,,,,,,,,,,,,,,,,,,,10,,,,,,,,7,10,68,69,31,18,,,,,,630,,,34,,
2014,1,20,41659,131,152,143,34,1,377,,,,,,148,,,,,,,,,,,,,,,,,,,,,,,,,,,,,,10,,,,,,,,10,68,69,31,18,8,,,,,,630,,,34,,
2014,1,21,41660,145,377,149,34,1,377,,,,,,148,,,,,,,,,,,,,,,,,,,,,,,,,,,,,,10,,,,,,,,68,69,31,18,8,14,,,,,,630,,,34,,
2014,1,22,41661,130,144,134,34,1,377,,,,,,148,,,,,,,,,,,,,,,,,,,,,,,,,,,,,,10,,,,,,,,69,31,18,8,14,42,,,,,,630,,,34,,
2014,1,23,41662,125,140,136,34,1,377,,,,,,148,,,,,,,,,,,,,,,,,,,,,,,,,,,,,,10,,,,,,,,31,18,8,14,42,41,,,,,,630,,,34,,
2014,1,24,41663,153,142,137,34,1,377,,,,,,148,,,,,,,,,,,,,,,,,,,,,,,,,,,,,,10,,,,,,,,18,8,14,42,41,26,,,,,,630,,,34,,
2014,1,25,41664,155,141,157,34,1,377,,,,,,148,,,,,,,,,,,,,,,,,,,,,,,,,,,,,,10,,,,,,,,8,14,42,41,26,78,,,,,,630,,,34,,
2014,1,26,41665,148,132,127,34,1,377,,,,,,148,,,,,,,,,,,,,,,,,,,,,,,,,,,,,,10,,,,,,,,14,42,41,26,78,3,,,,,,630,,,34,,
2014,1,27,41666,139,125,154,34,1,377,,,,,,148,,,,,,,,,,,,,,,,,,,,,,,,,,,,,,10,,,,,,,,42,41,26,78,3,12,,,,,,630,,,34,,
2014,1,28,41667,376,143,138,34,1,377,,,,,,148,,,,,,,,,,,,,,,,,,,,,,,,,,,,,,10,,,,,,,,41,26,78,3,12,39,,,,,,630,,,34,,
2014,1,29,41668,145,377,149,34,1,377,,,,,,148,,,,,,,,,,,,,,,,,,,,,,,,,,,,,,10,,,,,,,,26,78,3,12,39,50,,,,,,630,,,34,,
2014,1,30,41669,148,132,127,34,1,377,,,,,,148,,,,,,,,,,,,,,,,,,,,,,,,,,,,,,10,,,,,,,,78,3,12,39,50,4,,,,,,630,,,34,,
2014,1,31,41670,140,128,375,34,1,377,,,,,,148,,,,,,,,,,,,,,,,,,,,,,,,,,,,,,10,,,,,,,,3,12,39,50,4,52,,,,,,630,,,34,,
2014,2,1,41671,376,143,138,34,1,377,,,,,,148,,,,,,,,,,,,,,,,,,,,,,,,,,,,,,10,,,,,,,,12,39,50,4,52,8,,,,,,630,,,34,,
2014,2,2,41672,145,377,149,34,1,377,,,,,,148,,,,,,,,,,,,,,,,,,,,,,,,,,,,,,10,,,,,,,,39,50,4,52,8,17,,,,,,630,,,34,,
2014,2,3,41673,126,134,130,34,1,377,,,,,,148,,,,,,,,,,,,,,,,,,,,,,,,,,,,,,10,,,,,,,,50,4,52,8,17,42,,,,,,630,,,34,,
2014,2,4,41674,154,136,128,34,1,377,,,,,,148,,,,,,,,,,,,,,,,,,,,,,,,,,,,,,10,,,,,,,,4,52,8,17,42,35,,,,,,630,,,34,,
2014,2,5,41675,137,153,151,34,1,377,,,,,,148,,,,,,,,,,,,,,,,,,,,,,,,,,,,,,10,,,,,,,,52,8,17,42,35,31,,,,,,630,,,34,,
2014,2,6,41676,147,157,155,34,1,377,,,,,,148,,,,,,,,,,,,,,,,,,,,,,,,,,,,,,10,,,,,,,,8,17,42,35,31,46,,,,,,630,,,34,,
2014,2,7,41677,148,132,127,34,1,377,,,,,,148,,,,,,,,,,,,,,,,,,,,,,,,,,,,,,10,,,,,,,,17,42,35,31,46,5,,,,,,630,,,34,,
2014,2,8,41678,146,133,125,34,1,377,,,,,,148,,,,,,,,,,,,,,,,,,,,,,,,,,,,,,10,,,,,,,,42,35,31,46,5,15,,,,,,630,,,34,,
2014,2,9,41679,138,376,152,34,1,377,,,,,,148,,,,,,,,,,,,,,,,,,,,,,,,,,,,,,10,,,,,,,,35,31,46,5,15,37,,,,,,630,,,34,,
2014,2,10,41680,145,377,149,34,1,377,,,,,,148,,,,,,,,,,,,,,,,,,,,,,,,,,,,,,10,,,,,,,,31,46,5,15,37,76,,,,,,630,,,34,,
2014,2,11,41681,148,132,127,34,1,377,,,,,,148,,,,,,,,,,,,,,,,,,,,,,,,,,,,,,10,,,,,,,,46,5,15,37,76,26,,,,,,630,,,34,,
2014,2,12,41682,140,128,375,34,1,377,,,,,,148,,,,,,,,,,,,,,,,,,,,,,,,,,,,,,10,,,,,,,,5,15,37,76,26,79,,,,,,630,,,34,,
2014,2,13,41683,131,152,143,34,1,377,,,,,,148,,,,,,,,,,,,,,,,,,,,,,,,,,,,,,10,,,,,,,,15,37,76,26,79,23,,,,,,630,,,34,,
2014,2,14,41684,141,155,147,34,1,377,,,,,,148,,,,,,,,,,,,,,,,,,,,,,,,,,,,,,10,,,,,,,,37,76,26,79,23,14,,,,,,630,,,34,,
2014,2,15,41685,144,130,126,34,1,377,,,,,,148,,,,,,,,,,,,,,,,,,,,,,,,,,,,,,10,,,,,,,,76,26,79,23,14,39,,,,,,630,,,34,,
2014,2,16,41686,136,375,146,34,1,377,,,,,,148,,,,,,,,,,,,,,,,,,,,,,,,,,,,,,10,,,,,,,,26,79,23,14,39,35,,,,,,630,,,34,,
2014,2,17,41687,131,152,143,34,1,377,,,,,,148,,,,,,,,,,,,,,,,,,,,,,,,,,,,,,10,,,,,,,,79,23,14,39,35,19,,,,,,630,,,34,,
2014,2,18,41688,155,141,157,34,1,377,,,,,,148,,,,,,,,,,,,,,,,,,,,,,,,,,,,,,10,,,,,,,,23,14,39,35,19,78,,,,,,630,,,34,,
2014,2,19,41689,126,134,130,37,1,378,375,377,375,377,375,380,148,376,148,376,148,,,,,,,,,,,,,,,,,,,,,,,,,10,,,,,,,,14,39,35,19,78,3,,,,,,630,,,37,,
2014,2,20,41690,375,139,133,37,1,378,377,375,377,375,377,380,376,148,376,148,376,,,,,,,,,,,,,,,,,,,,,,,,,10,,,,,,,,39,35,19,78,3,6,,,,,,630,,,37,,
2014,2,21,41691,138,376,152,37,1,378,375,377,375,377,375,380,148,376,148,376,148,,,,,,,,,,,,,,,,,,,,,,,,,10,,,,,,,,35,19,78,3,6,42,,,,,,630,,,37,,
2014,2,22,41692,129,149,145,37,1,378,377,375,377,375,377,380,376,148,376,148,376,,,,,,,,,,,,,,,,,,,,,,,,,10,,,,,,,,19,78,3,6,42,54,,,,,,630,,,37,,
2014,2,23,41693,134,126,144,37,1,378,375,377,375,377,375,380,148,376,148,376,148,,,,,,,,,,,,,,,,,,,,,,,,,10,,,,,,,,78,3,6,42,54,31,,,,,,630,,,37,,
2014,2,24,41694,125,140,136,37,1,378,377,375,377,375,377,380,376,148,376,148,376,,,,,,,,,,,,,,,,,,,,,,,,,10,,,,,,,,3,6,42,54,31,79,,,,,,630,,,37,,
2014,2,25,41695,153,142,137,37,1,378,375,377,375,377,375,380,148,376,148,376,148,,,,,,,,,,,,,,,,,,,,,,,,,10,,,,,,,,6,42,54,31,79,23,,,,,,630,,,37,,
2014,2,26,41696,157,147,141,37,1,378,377,375,377,375,377,380,376,148,376,148,376,,,,,,,,,,,,,,,,,,,,,,,,,10,,,,,,,,42,54,31,79,23,21,,,,,,630,,,37,,
2014,2,27,41697,144,130,126,37,1,378,375,377,375,377,375,380,148,376,148,376,148,,,,,,,,,,,,,,,,,,,,,,,,,10,,,,,,,,54,31,79,23,21,39,,,,,,630,,,37,,
2014,2,28,41698,140,128,375,37,1,378,377,375,377,375,377,380,376,148,376,148,376,,,,,,,,,,,,,,,,,,,,,,,,,10,,,,,,,,31,79,23,21,39,35,,,,,,630,,,37,,
2014,3,1,41699,153,142,137,37,1,378,375,377,375,377,375,380,148,376,148,376,148,,,,,,,,,,,,,,,,,,,,,,,,,10,,,,,,,,79,23,21,39,35,2,,,,,,630,,,37,,
2014,3,2,41700,129,149,145,37,1,378,377,375,377,375,377,380,376,148,376,148,376,,,,,,,,,,,,,,,,,,,,,,,,,10,,,,,,,,23,21,39,35,2,18,,,,,,630,,,37,,
2014,3,3,41701,135,127,148,37,1,378,375,377,375,377,375,380,148,376,148,376,148,,,,,,,,,,,,,,,,,,,,,,,,,10,,,,,,,,21,39,35,2,18,7,,,,,,630,,,37,,
2014,3,4,41702,139,125,154,37,1,378,377,375,377,375,377,380,376,148,376,148,376,,,,,,,,,,,,,,,,,,,,,,,,,10,,,,,,,,39,35,2,18,7,12,,,,,,630,,,37,,
2014,3,5,41703,143,131,376,37,1,378,375,377,375,377,375,380,148,376,148,376,148,,,,,,,,,,,,,,,,,,,,,,,,,10,,,,,,,,35,2,18,7,12,37,,,,,,630,,,37,,
2014,3,6,41704,155,141,157,37,1,378,377,375,377,375,377,380,376,148,376,148,376,,,,,,,,,,,,,,,,,,,,,,,,,10,,,,,,,,2,18,7,12,37,38,,,,,,630,,,37,,
2014,3,7,41705,135,127,148,37,1,378,375,377,375,377,375,380,148,376,148,376,148,,,,,,,,,,,,,,,,,,,,,,,,,10,,,,,,,,18,7,12,37,38,45,,,,,,630,,,37,,
2014,3,8,41706,146,133,125,37,1,378,377,375,377,375,377,380,376,148,376,148,376,,,,,,,,,,,,,,,,,,,,,,,,,10,,,,,,,,7,12,37,38,45,25,,,,,,630,,,37,,
2014,3,9,41707,142,124,153,37,1,378,375,377,375,377,375,380,148,376,148,376,148,,,,,,,,,,,,,,,,,,,,,,,,,10,,,,,,,,12,37,38,45,25,23,,,,,,630,,,37,,
2014,3,10,41708,157,147,141,16,1,378,377,375,377,375,377,380,376,148,376,148,376,,,,,,,,,,,,,,,,,,,,,,,,,10,,,,,,,,37,38,45,25,23,13,,,,,,630,,,16,,
2014,3,11,41709,132,148,135,16,1,378,375,377,375,377,375,380,148,376,148,376,148,,,,,,,,,,,,,,,,,,,,,,,,,10,,,,,,,,38,45,25,23,13,36,,,,,,630,,,16,,
2014,3,12,41710,146,133,125,16,1,378,377,375,377,375,377,380,376,148,376,148,376,,,,,,,,,,,,,,,,,,,,,,,,,10,,,,,,,,45,25,23,13,36,44,,,,,,630,,,16,,
2014,3,13,41711,143,131,376,16,1,378,375,377,375,377,375,380,148,376,148,376,148,,,,,,,,,,,,,,,,,,,,,,,,,10,,,,,,,,25,23,13,36,44,31,,,,,,630,,,16,,
2014,3,14,41712,149,129,377,16,1,378,377,375,377,375,377,380,376,148,376,148,376,,,,,,,,,,,,,,,,,,,,,,,,,10,,,,,,,,23,13,36,44,31,70,,,,,,630,,,16,,
2014,3,15,41713,127,135,132,16,1,378,375,377,375,377,375,380,148,376,148,376,148,,,,,,,,,,,,,,,,,,,,,,,,,10,,,,,,,,13,36,44,31,70,1,,,,,,630,,,16,,
2014,3,16,41714,125,140,136,16,1,378,377,375,377,375,377,385,376,148,380,376,148,,,,,,,,,,,,,,,,,,,,,,,,,10,,,,,,,,36,44,31,70,1,6,,,,,,630,,,16,,
2014,3,17,41715,152,138,131,28,1,378,375,377,375,377,375,385,380,376,148,380,376,,,,,,,,,,,,,,,,,,,,,,,,,10,,,,,,,,44,31,70,1,6,68,,,,,,630,,,28,,
2014,3,18,41716,157,147,141,28,1,378,377,375,377,375,377,385,148,380,376,148,380,,,,,,,,,,,,,,,,,,,,,,,,,10,,,,,,,,31,70,1,6,68,62,,,,,,630,,,28,,
2014,3,19,41717,126,134,130,28,1,378,375,377,375,377,375,385,376,148,380,376,148,,,,,,,,,,,,,,,,,,,,,,,,,10,,,,,,,,70,1,6,68,62,26,,,,,,630,,,28,,
2014,3,20,41718,375,139,133,28,1,378,377,375,377,375,377,385,380,376,148,380,376,,,,,,,,,,,,,,,,,,,,,,,,,10,,,,,,,,1,6,68,62,26,25,,,,,,630,,,28,,
2014,3,21,41719,152,138,131,28,1,378,375,377,375,377,375,385,148,380,376,148,380,,,,,,,,,,,,,,,,,,,,,,,,,10,,,,,,,,6,68,62,26,25,28,,,,,,630,,,28,,
2014,3,22,41720,377,145,129,28,1,378,377,375,377,375,377,385,376,148,380,376,148,,,,,,,,,,,,,,,,,,,,,,,,,10,,,,,,,,68,62,26,25,28,29,,,,,,630,,,28,,
2014,3,23,41721,132,148,135,28,1,378,375,377,375,377,375,385,380,376,148,380,376,,,,,,,,,,,,,,,,,,,,,,,,,10,,,,,,,,62,26,25,28,29,43,,,,,,630,,,28,,
2014,3,24,41722,375,139,133,44,1,378,377,375,377,375,377,385,148,380,376,148,380,,,,,,,,,,,,,,,,,,,,,,,,,10,,,,,,,,26,25,28,29,43,33,,,,,,630,,,44,,
2014,3,25,41723,153,142,137,44,1,378,375,377,375,377,375,385,376,148,380,376,148,,,,,,,,,,,,,,,,,,,,,,,,,10,,,,,,,,25,28,29,43,33,4,,,,,,630,,,44,,
2014,3,26,41724,147,157,377,44,1,378,377,375,377,375,377,385,380,376,148,380,376,,,,,,,,,,,,,,,,,,,,,,,,,10,,,,,,,,28,29,43,33,4,79,,,,,,630,,,44,,
2014,3,27,41725,127,144,134,44,1,378,375,377,375,377,375,385,148,380,376,148,380,,,,,,,,,,,,,,,,,,,,,,,,,10,,,,,,,,29,43,33,4,79,23,,,,,,630,,,44,,
2014,3,28,41726,133,378,154,44,1,378,377,375,377,375,377,385,376,148,380,376,148,,,,,,,,,,,,,,,,,,,,,,,,,10,,,,,,,,43,33,4,79,23,6,,,,,,630,,,44,,
2014,3,29,41727,152,138,131,44,1,378,375,377,375,377,375,385,380,376,148,380,376,,,,,,,,,,,,,,,,,,,,,,,,,10,,,,,,,,33,4,79,23,6,74,,,,,,630,,,44,,
2014,3,30,41728,141,377,149,44,1,382,375,377,378,375,377,385,148,380,376,148,380,,,,,,,,,,,,,,,,,,,,,,,,,10,,,,,,,,4,79,23,6,74,54,,,,,,630,,,44,,
2014,3,31,41729,134,126,148,7,1,382,378,375,377,378,375,385,376,148,380,376,148,,,,,,,,,,,,,,,,,,,,,,,,,10,,,,,,,,79,23,6,74,54,2,,,,,,630,,,7,,
2014,4,1,41730,379,146,139,7,1,382,377,378,375,381,377,385,380,376,148,380,376,,,,,,,,,,,,,,,,,,,,,,,,,10,,,,,,,,23,6,74,54,2,22,,,,,,630,,,7,,
2014,4,2,41731,142,124,385,7,1,382,378,375,381,377,378,385,148,380,376,148,380,,,,,,,,,,,,,,,,,,,,,,,,,10,,,,,,,,6,74,54,2,22,8,,,,,,630,,,7,,
2014,4,3,41732,147,157,377,7,1,382,375,381,377,378,375,385,376,148,380,376,148,,,,,,,,,,,,,,,,,,,,,,,,,10,,,,,,,,74,54,2,22,8,17,,,,,,630,,,7,,
2014,4,4,41733,148,132,127,7,1,382,381,377,378,375,381,385,380,376,148,380,376,,,,,,,,,,,,,,,,,,,,,,,,,10,,,,,,,,54,2,22,8,17,40,,,,,,630,,,7,,
2014,4,5,41734,125,154,140,7,1,382,377,378,375,381,377,385,148,380,376,148,380,,,,,,,,,,,,,,,,,,,,,,,,,10,,,,,,,,2,22,8,17,40,69,,,,,,630,,,7,,
2014,4,6,41735,152,138,131,7,1,382,378,375,381,377,378,385,376,148,380,376,148,,,,,,,,,,,,,,,,,,,,,,,,,10,,,,,,,,22,8,17,40,69,9,,,,,,630,,,7,,
2014,4,7,41736,155,141,157,5,1,382,375,381,377,378,375,385,380,376,148,380,376,,,,,,,,,,,,,,,,,,,,,,,,,10,,,,,,,,8,17,40,69,9,22,,,,,,630,,,5,,
2014,4,8,41737,148,132,127,5,1,382,381,377,378,375,381,385,148,380,376,148,380,,,,,,,,,,,,,,,,,,,,,,,,,10,,,,,,,,17,40,69,9,22,11,,,,,,630,,,5,,
2014,4,9,41738,133,378,154,5,1,382,377,378,375,381,377,385,376,148,380,376,148,,,,,,,,,,,,,,,,,,,,,,,,,10,,,,,,,,40,69,9,22,11,14,,,,,,630,,,5,,
2014,4,10,41739,376,143,138,5,1,382,378,375,381,377,378,385,380,376,148,380,376,,,,,,,,,,,,,,,,,,,,,,,,,10,,,,,,,,69,9,22,11,14,43,,,,,,630,,,5,,
2014,4,11,41740,129,155,147,5,1,382,375,381,377,378,375,385,148,380,376,148,380,,,,,,,,,,,,,,,,,,,,,,,,,10,,,,,,,,9,22,11,14,43,62,,,,,,630,,,5,,
2014,4,12,41741,135,127,380,5,1,382,381,377,378,375,381,385,376,148,380,376,148,,,,,,,,,,,,,,,,,,,,,,,,,10,,,,,,,,22,11,14,43,62,19,,,,,,630,,,5,,
2014,4,13,41742,139,125,378,5,1,382,377,378,375,381,377,385,380,376,148,380,376,,,,,,,,,,,,,,,,,,,,,,,,,10,,,,,,,,11,14,43,62,19,32,,,,,,630,,,5,,
2014,4,14,41743,137,385,153,21,1,382,378,375,381,377,378,385,148,380,376,148,380,,,,,,,,,,,,,,,,,,,,,,,,,10,,,,,,,,14,43,62,19,32,28,,,,,,630,,,21,,
2014,4,15,41744,157,149,145,21,1,382,375,381,377,378,375,385,376,148,380,376,148,,,,,,,,,,,,,,,,,,,,,,,,,10,,,,,,,,43,62,19,32,28,14,,,,,,630,,,21,,
2014,4,16,41745,148,132,127,21,1,382,381,377,378,375,381,385,380,376,148,379,380,,,,,,,,,,,,,,,,,,,,,,,,,10,,,,,,,,62,19,32,28,14,42,,,,,,630,,,21,,
2014,4,17,41746,133,378,154,21,1,382,377,378,375,381,377,385,376,148,379,380,376,,,,,,,,,,,,,,,,,,,,,,,,,10,,,,,,,,19,32,28,14,42,76,,,,,,630,,,21,,
2014,4,18,41747,131,376,152,21,1,382,378,375,381,377,378,385,148,379,380,376,148,,,,,,,,,,,,,,,,,,,,,,,,,10,,,,,,,,32,28,14,42,76,2,,,,,,630,,,21,,
2014,4,19,41748,145,381,155,21,1,382,375,381,377,378,375,385,379,380,376,148,379,,,,,,,,,,,,,,,,,,,,,,,,,10,,,,,,,,28,14,42,76,2,78,,,,,,630,,,21,,
2014,4,20,41749,132,382,148,21,1,382,381,377,378,375,381,385,380,376,148,379,380,,,,,,,,,,,,,,,,,,,,,,,,,10,,,,,,,,14,42,76,2,78,3,,,,,,630,,,21,,
2014,4,21,41750,140,128,379,46,2,382,377,378,375,381,377,385,376,148,379,380,376,,,,,,,,,,,,,,,,,,,,,,,,,10,,,,,,,,42,76,2,78,3,29,,,,,,630,,,46,,
2014,4,22,41751,156,152,143,46,2,382,378,375,381,377,378,385,148,379,380,376,148,,,,,,,,,,,,,,,,,,,,,,,,,10,,,,,,,,76,2,78,3,29,39,,,,,,630,,,46,,
2014,4,23,41752,149,129,381,46,2,382,375,381,377,378,375,385,379,380,376,148,379,,,,,,,,,,,,,,,,,,,,,,,,,10,,,,,,,,2,78,3,29,39,35,,,,,,630,,,46,,
2014,4,24,41753,130,380,144,46,2,382,381,377,378,375,381,385,380,376,148,379,380,,,,,,,,,,,,,,,,,,,,,,,,,10,,,,,,,,78,3,29,39,35,45,,,,,,630,,,46,,
2014,4,25,41754,375,139,133,46,2,382,377,378,375,381,377,385,376,148,379,380,376,,,,,,,,,,,,,,,,,,,,,,,,,10,,,,,,,,3,29,39,35,45,57,,,,,,630,,,46,,
2014,4,26,41755,152,138,131,46,2,382,378,375,381,377,378,385,148,379,380,376,148,,,,,,,,,,,,,,,,,,,,,,,,,10,,,,,,,,29,39,35,45,57,5,,,,,,630,,,46,,
2014,4,27,41756,157,149,145,46,2,382,375,381,377,378,375,385,379,380,376,148,379,,,,,,,,,,,,,,,,,,,,,,,,,10,,,,,,,,39,35,45,57,5,15,,,,,,630,,,46,,
2014,4,28,41757,144,130,126,8,4,382,381,377,378,375,381,156,380,376,148,379,385,,,,,,,,,,,,,,,,,,,,,,,,,10,,,,,,,,35,45,57,5,15,37,,,,,,630,,,8,,
2014,4,29,41758,136,379,375,8,4,382,377,378,375,381,377,156,380,376,148,379,385,,,,,,,,,,,,,,,,,,,,,,,,,10,,,,,,,,45,57,5,15,37,33,,,,,,630,,,8,,
2014,4,30,41759,385,151,142,8,4,382,378,375,381,377,378,156,380,376,148,379,385,,,,,,,,,,,,,,,,,,,,,,,,,10,,,,,,,,57,5,15,37,33,9,,,,,,630,,,8,,
2014,5,1,41760,129,155,147,8,4,382,375,381,377,378,375,156,380,376,148,379,385,,,,,,,,,,,,,,,,,,,,,,,,,10,,,,,,,,5,15,37,33,9,18,,,,,,630,,,8,,
2014,5,2,41761,382,135,132,8,4,382,381,377,378,375,381,156,380,376,148,379,385,,,,,,,,,,,,,,,,,,,,,,,,,10,,,,,,,,15,37,33,9,18,7,,,,,,630,,,8,,
2014,5,3,41762,379,146,139,8,4,382,377,378,375,381,377,156,380,376,148,379,385,,,,,,,,,,,,,,,,,,,,,,,,,10,,,,,,,,37,33,9,18,7,14,,,,,,630,,,8,,
2014,5,4,41763,151,137,124,12,2,382,378,375,381,377,378,156,380,376,148,379,385,,,,,,,,,,,,,,,,,,,,,,,,,10,,,,,,,,33,9,18,7,14,34,,,,,,630,,,12,,
2014,5,5,41764,129,155,147,12,2,382,375,381,377,378,375,156,380,376,148,379,385,,,,,,,,,,,,,,,,,,,,,,,,,10,,,,,,,,9,18,7,14,34,50,,,,,,630,,,12,,
2014,5,6,41765,144,130,126,12,2,382,381,377,378,375,381,156,380,376,148,379,385,,,,,,,,,,,,,,,,,,,,,,,,,10,,,,,,,,18,7,14,34,50,19,,,,,,630,,,12,,
2014,5,7,41766,378,140,136,12,2,382,377,378,375,381,377,156,380,376,148,379,385,,,,,,,,,,,,,,,,,,,,,,,,,10,,,,,,,,7,14,34,50,19,55,,,,,,630,,,12,,
2014,5,8,41767,156,152,143,12,2,382,378,375,381,377,378,156,380,376,148,379,385,,,,,,,,,,,,,,,,,,,,,,,,,10,,,,,,,,14,34,50,19,55,1,,,,,,630,,,12,,
2014,5,9,41768,141,377,149,12,2,382,375,381,377,378,375,156,380,376,148,379,385,,,,,,,,,,,,,,,,,,,,,,,,,10,,,,,,,,34,50,19,55,1,13,,,,,,630,,,12,,
2014,5,10,41769,144,130,126,12,2,382,381,377,378,375,381,156,380,376,148,379,385,,,,,,,,,,,,,,,,,,,,,,,,,10,,,,,,,,50,19,55,1,13,74,,,,,,630,,,12,,
2014,5,11,41770,375,139,133,31,1,382,377,378,375,381,377,156,380,376,148,379,385,,,,,,,,,,,,,,,,,,,,,,,,,10,,,,,,,,19,55,1,13,74,35,,,,,,630,,,31,,
2014,5,12,41771,131,376,152,31,1,383,378,375,381,377,382,156,380,376,148,379,385,,,,,,,,,,,,,,,,,,,,,,,,,10,,,,,,,,55,1,13,74,35,16,,,,,,630,,,31,,
2014,5,13,41772,149,129,381,31,1,383,378,375,381,377,382,156,380,376,148,379,385,,,,,,,,,,,,,,,,,,,,,,,,,10,,,,,,,,1,13,74,35,16,79,,,,,,630,,,31,,
2014,5,14,41773,380,134,130,31,1,383,378,375,381,377,382,156,380,376,148,379,385,,,,,,,,,,,,,,,,,,,,,,,,,10,,,,,,,,13,74,35,16,79,7,,,,,,630,,,31,,
2014,5,15,41774,128,375,146,31,1,383,378,375,381,377,382,156,380,376,148,379,385,,,,,,,,,,,,,,,,,,,,,,,,,10,,,,,,,,74,35,16,79,7,10,,,,,,630,,,31,,
2014,5,16,41775,142,124,385,31,1,383,378,375,381,377,382,156,380,376,148,379,385,,,,,,,,,,,,,,,,,,,,,,,,,10,,,,,,,,35,16,79,7,10,36,,,,,,630,,,31,,
2014,5,17,41776,381,147,141,31,1,383,378,375,381,377,382,156,380,376,148,379,385,,,,,,,,,,,,,,,,,,,,,,,,,10,,,,,,,,16,79,7,10,36,50,,,,,,630,,,31,,
2014,5,18,41777,135,127,382,43,1,383,378,375,381,377,382,156,380,376,148,379,385,,,,,,,,,,,,,,,,,,,,,,,,,10,,,,,,,,79,7,10,36,50,26,,,,,,630,,,43,,
2014,5,19,41778,139,125,383,43,1,383,378,375,381,377,382,156,380,376,148,379,385,,,,,,,,,,,,,,,,,,,,,,,,,10,,,,,,,,7,10,36,50,26,73,,,,,,630,,,43,,
2014,5,20,41779,151,137,124,43,1,383,378,375,381,377,382,156,380,376,148,379,385,,,,,,,,,,,,,,,,,,,,,,,,,10,,,,,,,,10,36,50,26,73,28,,,,,,630,,,43,,
2014,5,21,41780,157,149,145,43,1,383,378,375,381,377,382,156,380,376,148,379,385,,,,,,,,,,,,,,,,,,,,,,,,,10,,,,,,,,36,50,26,73,28,15,,,,,,630,,,43,,
2014,5,22,41781,132,382,148,43,1,383,378,375,381,377,382,156,380,376,148,379,385,,,,,,,,,,,,,,,,,,,,,,,,,10,,,,,,,,50,26,73,28,15,40,,,,,,630,,,43,,
2014,5,23,41782,154,136,128,43,1,383,378,375,381,377,382,156,380,376,148,379,385,,,,,,,,,,,,,,,,,,,,,,,,,10,,,,,,,,26,73,28,15,40,41,,,,,,630,,,43,,
2014,5,24,41783,137,385,153,43,1,383,378,375,381,377,382,156,380,376,148,379,385,,,,,,,,,,,,,,,,,,,,,,,,,10,,,,,,,,73,28,15,40,41,9,,,,,,630,,,43,,
2014,5,25,41784,147,157,377,25,2,383,378,375,381,377,382,156,380,376,148,379,385,,,,,,,,,,,,,,,,,,,,,,,,,10,,,,,,,,28,15,40,41,9,46,,,,,,630,,,25,,
2014,5,26,41785,130,380,144,25,2,383,378,375,381,377,382,156,380,376,148,379,385,437,386,387,386,387,386,,,,,,,,,,,,,,,,,,,10,,,,,,,,15,40,41,9,46,30,,,,,,630,,,25,,
2014,5,27,41786,125,378,154,25,2,383,378,375,381,377,382,156,380,376,148,379,385,437,387,386,387,386,387,,,,,,,,,,,,,,,,,,,10,,,,,,,,40,41,9,46,30,6,,,,,,630,,,25,,
2014,5,28,41787,138,156,376,25,2,383,378,375,381,377,382,156,380,376,148,379,385,437,386,387,386,387,386,,,,,,,,,,,,,,,,,,,10,,,,,,,,41,9,46,30,6,36,,,,,,630,,,25,,
2014,5,29,41788,141,377,149,25,2,383,378,375,381,377,382,156,380,376,148,379,385,437,387,386,387,386,387,,,,,,,,,,,,,,,,,,,10,,,,,,,,9,46,30,6,36,44,,,,,,630,,,25,,
2014,5,30,41789,382,135,132,25,2,383,378,375,381,377,382,156,380,376,148,379,385,437,386,387,386,387,386,,,,,,,,,,,,,,,,,,,10,,,,,,,,46,30,6,36,44,16,,,,,,630,,,25,,
2014,5,31,41790,154,136,128,25,2,383,378,375,381,377,382,156,380,376,148,379,385,437,387,386,387,386,387,,,,,,,,,,,,,,,,,,,10,,,,,,,,30,6,36,44,16,60,,,,,,630,,,25,,
2014,6,1,41791,156,152,143,15,4,383,378,375,381,377,382,156,380,376,148,379,385,437,386,387,386,387,386,,,,,,,,,,,,,,,,,,,10,,,,,,,,6,36,44,16,60,23,,,,,,630,,,15,,
2014,6,2,41792,129,155,147,15,4,383,378,375,381,377,382,156,380,376,148,379,385,437,387,386,387,386,387,,,,,,,,,,,,,,,,,,,10,,,,,,,,36,44,16,60,23,13,,,,,,630,,,15,,
2014,6,3,41793,148,132,127,15,4,383,378,375,381,377,382,156,380,376,148,379,385,437,386,387,386,387,386,,,,,,,,,,,,,,,,,,,10,,,,,,,,44,16,60,23,13,39,,,,,,630,,,15,,
2014,6,4,41794,139,125,383,15,4,383,378,375,381,377,382,156,380,376,148,379,385,437,387,386,387,386,387,,,,,,,,,,,,,,,,,,,10,,,,,,,,16,60,23,13,39,38,,,,,,630,,,15,,
2014,6,5,41795,156,152,143,15,4,383,378,375,381,377,382,156,380,376,148,379,385,437,386,387,386,387,386,,,,,,,,,,,,,,,,,,,10,,,,,,,,60,23,13,39,38,4,,,,,,630,,,15,,
2014,6,6,41796,157,149,145,15,4,383,378,375,381,377,382,156,380,376,148,379,385,437,387,386,387,386,387,,,,,,,,,,,,,,,,,,,10,,,,,,,,23,13,39,38,4,22,,,,,,630,,,15,,
2014,6,7,41797,135,127,386,15,4,383,378,375,381,377,382,156,380,376,148,379,385,437,386,387,386,387,386,,,,,,,,,,,,,,,,,,,10,,,,,,,,13,39,38,4,22,11,,,,,,630,,,15,,
2014,6,8,41798,133,383,378,9,4,383,378,375,381,377,382,156,380,376,148,379,385,437,387,386,387,386,387,,,,,,,,,,,,,,,,,,,10,,,,,,,,39,38,4,22,11,24,,,,,,630,,,9,,
2014,6,9,41799,153,142,137,9,4,383,378,375,381,377,382,156,380,376,148,379,385,437,386,387,386,387,386,,,,,,,,,,,,,,,,,,,10,,,,,,,,38,4,22,11,24,36,,,,,,630,,,9,,
2014,6,10,41800,129,155,147,9,4,383,378,375,381,377,382,156,380,376,148,379,385,437,387,386,387,386,387,,,,,,,,,,,,,,,,,,,10,,,,,,,,4,22,11,24,36,50,,,,,,630,,,9,,
2014,6,11,41801,386,144,134,9,4,383,378,375,381,377,382,156,380,376,148,379,385,437,386,387,386,387,386,,,,,,,,,,,,,,,,,,,10,,,,,,,,22,11,24,36,50,26,,,,,,630,,,9,,
2014,6,12,41802,154,136,128,9,4,383,378,375,381,377,382,156,380,376,148,379,385,437,387,386,387,386,387,,,,,,,,,,,,,,,,,,,10,,,,,,,,11,24,36,50,26,25,,,,,,630,,,9,,
2014,6,13,41803,153,142,137,9,4,383,378,375,381,377,382,156,380,376,148,379,385,437,386,387,386,387,386,,,,,,,,,,,,,,,,,,,10,,,,,,,,24,36,50,26,25,20,,,,,,630,,,9,,
2014,6,14,41804,145,381,155,9,4,383,378,375,381,377,382,156,380,376,148,379,385,437,387,386,387,386,387,,,,,,,,,,,,,,,,,,,10,,,,,,,,36,50,26,25,20,17,,,,,,630,,,9,,
2014,6,15,41805,382,135,132,27,1,383,378,375,381,377,382,156,380,376,148,379,385,437,386,387,386,387,386,,,,,,,,,,,,,,,,,,,10,,,,,,,,50,26,25,20,17,37,,,,,,630,,,27,,
2014,6,16,41806,378,140,136,27,1,383,378,375,381,377,382,156,380,376,148,379,385,437,387,386,387,386,387,,,,,,,,,,,,,,,,,,,10,,,,,,,,26,25,20,17,37,54,,,,,,630,,,27,,
2014,6,17,41807,156,152,143,27,1,383,378,375,381,377,382,156,380,376,148,379,385,437,386,387,386,387,386,,,,,,,,,,,,,,,,,,,10,,,,,,,,25,20,17,37,54,19,,,,,,630,,,27,,
2014,6,18,41808,155,141,157,27,1,383,378,375,381,377,382,156,380,376,148,379,385,437,387,386,387,386,387,,,,,,,,,,,,,,,,,,,10,,,,,,,,20,17,37,54,19,32,,,,,,630,,,27,,
2014,6,19,41809,134,126,382,27,1,383,378,375,381,377,382,156,380,376,148,379,385,437,386,387,386,387,386,,,,,,,,,,,,,,,,,,,10,,,,,,,,17,37,54,19,32,28,,,,,,630,,,27,,
2014,6,20,41810,383,154,140,27,1,383,378,375,381,377,382,156,380,376,148,379,385,437,387,386,387,386,387,,,,,,,,,,,,,,,,,,,10,,,,,,,,37,54,19,32,28,12,,,,,,630,,,27,,
2014,6,21,41811,124,153,151,27,1,383,378,375,381,377,382,156,380,376,148,379,385,437,386,387,386,387,386,,,,,,,,,,,,,,,,,,,10,,,,,,,,54,19,32,28,12,43,,,,,,630,,,27,,
2014,6,22,41812,145,381,155,18,2,383,378,375,381,377,382,156,380,376,148,379,385,437,387,386,387,386,387,,,,,,,,,,,,,,,,,,,10,,,,,,,,19,32,28,12,43,33,,,,,,630,,,18,,
2014,6,23,41813,132,386,380,18,2,383,378,375,381,377,382,156,380,376,148,379,385,437,386,387,386,387,386,,,,,,,,,,,,,,,,,,,10,,,,,,,,32,28,12,43,33,9,,,,,,630,,,18,,
2014,6,24,41814,379,146,139,18,2,383,378,375,381,377,382,156,380,376,148,379,385,437,387,386,387,386,387,,,,,,,,,,,,,,,,,,,10,,,,,,,,28,12,43,33,9,52,,,,,,630,,,18,,
2014,6,25,41815,152,138,131,18,2,383,378,375,381,377,382,156,380,376,148,379,385,437,386,387,386,387,386,,,,,,,,,,,,,,,,,,,10,,,,,,,,12,43,33,9,52,20,,,,,,630,,,18,,
2014,6,26,41816,129,155,147,18,2,383,378,375,381,377,382,156,380,376,148,379,385,437,387,386,387,386,387,,,,,,,,,,,,,,,,,,,10,,,,,,,,43,33,9,52,20,21,,,,,,630,,,18,,
2014,6,27,41817,132,386,380,18,2,383,378,375,381,377,382,156,380,376,148,379,385,437,386,387,386,387,386,,,,,,,,,,,,,,,,,,,10,,,,,,,,33,9,52,20,21,74,,,,,,630,,,18,,
2014,6,28,41818,379,146,139,18,2,383,378,375,381,377,382,156,380,376,148,379,385,437,387,386,387,386,387,,,,,,,,,,,,,,,,,,,10,,,,,,,,9,52,20,21,74,38,,,,,,630,,,18,,
2014,6,29,41819,152,138,131,19,2,383,378,375,381,377,382,156,380,376,148,379,385,437,386,387,386,387,386,,,,,,,,,,,,,,,,,,,10,,,,,,,,52,20,21,74,38,2,,,,,,630,,,19,,
2014,6,30,41820,129,155,147,19,2,383,378,375,381,377,382,156,380,376,148,379,385,437,387,386,387,386,387,,,,,,,,,,,,,,,,,,,10,,,,,,,,20,21,74,38,2,57,,,,,,630,,,19,,
2014,7,1,41821,135,127,386,19,2,383,378,375,381,377,382,156,380,376,148,379,385,437,386,387,386,387,386,,,,,,,,,,,,,,,,,,,10,,,,,,,,21,74,38,2,57,8,,,,,,630,,,19,,
2014,7,2,41822,146,133,125,19,2,383,378,375,381,377,382,156,380,376,148,379,385,437,387,386,387,386,387,,,,,,,,,,,,,,,,,,,10,,,,,,,,74,38,2,57,8,13,,,,,,630,,,19,,
2014,7,3,41823,131,376,152,19,2,383,378,375,381,377,382,156,380,376,148,379,385,437,386,387,386,387,386,,,,,,,,,,,,,,,,,,,10,,,,,,,,38,2,57,8,13,42,,,,,,630,,,19,,
2014,7,4,41824,149,129,381,19,2,383,378,375,381,377,382,156,380,376,148,379,385,437,387,386,387,386,387,,,,,,,,,,,,,,,,,,,10,,,,,,,,2,57,8,13,42,50,,,,,,630,,,19,,
2014,7,5,41825,126,148,135,19,2,383,378,375,381,377,382,156,380,376,148,379,385,437,386,387,386,387,386,,,,,,,,,,,,,,,,,,,10,,,,,,,,57,8,13,42,50,16,,,,,,630,,,19,,
2014,7,6,41826,150,136,128,1,4,383,378,375,381,377,382,156,380,376,148,379,385,438,387,386,437,387,386,,,,,,,,,,,,,,,,,,,10,,,,,,,,8,13,42,50,16,70,,,,,,630,,,1,,
2014,7,7,41827,376,143,138,1,4,383,378,375,381,377,382,156,380,376,148,379,385,438,437,387,386,437,387,,,,,,,,,,,,,,,,,,,10,,,,,,,,13,42,50,16,70,1,,,,,,630,,,1,,
2014,7,8,41828,149,129,381,1,4,383,378,375,381,377,382,156,380,376,148,379,385,438,386,437,387,386,437,,,,,,,,,,,,,,,,,,,10,,,,,,,,42,50,16,70,1,17,,,,,,630,,,1,,
2014,7,9,41829,134,126,382,1,4,383,378,375,381,377,382,156,380,376,148,379,385,438,387,386,437,387,386,,,,,,,,,,,,,,,,,,,10,,,,,,,,50,16,70,1,17,34,,,,,,630,,,1,,
2014,7,10,41830,150,136,128,1,4,383,378,375,381,377,382,156,380,376,148,379,385,438,437,387,386,437,387,,,,,,,,,,,,,,,,,,,10,,,,,,,,16,70,1,17,34,44,,,,,,630,,,1,,
2014,7,11,41831,131,376,152,1,4,383,378,375,381,377,382,156,380,376,148,379,385,438,386,437,387,386,437,,,,,,,,,,,,,,,,,,,10,,,,,,,,70,1,17,34,44,4,,,,,,630,,,1,,
2014,7,12,41832,155,141,157,1,4,383,378,375,381,377,382,156,380,376,148,379,385,438,387,386,437,387,386,,,,,,,,,,,,,,,,,,,10,,,,,,,,1,17,34,44,4,60,,,,,,630,,,1,,
2014,7,13,41833,127,380,144,26,2,383,378,375,381,377,382,156,380,376,148,379,385,438,437,387,386,437,387,,,,,,,,,,,,,,,,,,,10,,,,,,,,17,34,44,4,60,11,,,,,,630,,,26,,
2014,7,14,41834,139,125,383,26,2,383,378,375,381,377,382,156,380,376,148,379,385,438,386,437,387,386,437,,,,,,,,,,,,,,,,,,,10,,,,,,,,34,44,4,60,11,29,,,,,,630,,,26,,
2014,7,15,41835,124,153,151,26,2,383,378,375,381,377,382,156,380,376,148,379,385,438,387,386,437,387,386,,,,,,,,,,,,,,,,,,,10,,,,,,,,44,4,60,11,29,40,,,,,,630,,,26,,
2014,7,16,41836,377,145,129,26,2,383,378,375,381,377,382,156,380,376,148,379,385,438,437,387,386,437,387,,,,,,,,,,,,,,,,,,,10,,,,,,,,4,60,11,29,40,38,,,,,,630,,,26,,
2014,7,17,41837,130,382,148,26,2,383,378,375,381,377,382,156,380,376,148,379,385,438,386,437,387,386,437,,,,,,,,,,,,,,,,,,,10,,,,,,,,60,11,29,40,38,31,,,,,,630,,,26,,
2014,7,18,41838,379,150,140,26,2,383,378,375,381,377,382,156,380,376,148,379,385,438,387,386,437,387,386,,,,,,,,,,,,,,,,,,,10,,,,,,,,11,29,40,38,31,73,,,,,,630,,,26,,
2014,7,19,41839,156,152,143,26,2,383,378,375,381,377,382,156,380,376,148,379,385,438,437,387,386,437,387,,,,,,,,,,,,,,,,,,,10,,,,,,,,29,40,38,31,73,20,,,,,,630,,,26,,
2014,7,20,41840,155,141,157,51,1,383,378,375,381,377,382,156,380,376,148,379,385,438,386,437,387,386,437,,,,,,,,,,,,,,,,,,,10,,,,,,,,40,38,31,73,20,15,,,,,,630,,,51,,
2014,7,21,41841,135,127,386,51,1,383,378,375,381,377,382,156,380,376,148,379,385,438,387,386,437,387,386,,,,,,,,,,,,,,,,,,,10,,,,,,,,38,31,73,20,15,71,,,,,,630,,,51,,
2014,7,22,41842,146,133,125,51,1,383,378,375,381,377,382,156,380,376,148,379,385,438,437,387,386,437,387,,,,,,,,,,,,,,,,,,,10,,,,,,,,31,73,20,15,71,33,,,,,,630,,,51,,
2014,7,23,41843,376,143,138,51,1,383,378,375,381,377,382,156,380,376,148,379,385,438,386,437,387,386,437,,,,,,,,,,,,,,,,,,,10,,,,,,,,73,20,15,71,33,9,,,,,,630,,,51,,
2014,7,24,41844,377,145,129,51,1,383,378,375,381,377,382,156,380,376,148,379,385,438,387,386,437,387,386,,,,,,,,,,,,,,,,,,,10,,,,,,,,20,15,71,33,9,52,,,,,,630,,,51,,
2014,7,25,41845,148,132,127,51,1,383,378,375,381,377,382,156,380,376,148,379,385,438,437,387,386,437,387,,,,,,,,,,,,,,,,,,,10,,,,,,,,15,71,33,9,52,5,,,,,,630,,,51,,
2014,7,26,41846,128,379,375,51,1,383,378,375,381,377,382,156,380,376,148,379,385,438,386,437,387,386,437,,,,,,,,,,,,,,,,,,,10,,,,,,,,71,33,9,52,5,29,,,,,,630,,,51,,
2014,7,27,41847,385,151,142,46,2,383,378,375,381,377,382,156,380,376,148,379,385,438,387,386,437,387,386,,,,,,,,,,,,,,,,,,,10,,,,,,,,33,9,52,5,29,40,,,,,,630,,,46,,
2014,7,28,41848,129,155,147,46,2,383,378,375,381,377,382,156,380,376,148,379,385,438,437,387,386,437,387,,,,,,,,,,,,,,,,,,,10,,,,,,,,9,52,5,29,40,35,,,,,,630,,,46,,
2014,7,29,41849,135,127,386,46,2,383,378,375,381,377,382,156,380,376,148,379,385,438,386,437,387,386,437,,,,,,,,,,,,,,,,,,,10,,,,,,,,52,5,29,40,35,45,,,,,,630,,,46,,
2014,7,30,41850,133,383,378,46,2,383,378,375,381,377,382,156,380,376,148,379,385,438,387,386,437,387,386,,,,,,,,,,,,,,,,,,,10,,,,,,,,5,29,40,35,45,46,,,,,,630,,,46,,
2014,7,31,41851,137,385,153,46,2,383,378,375,381,377,382,156,380,376,148,379,385,438,437,387,386,437,387,,,,,,,,,,,,,,,,,,,10,,,,,,,,29,40,35,45,46,3,,,,,,630,,,46,,
2014,8,1,41852,145,381,155,46,2,383,378,375,381,377,382,156,380,376,148,379,385,438,386,437,387,386,437,,,,,,,,,,,,,,,,,,,10,,,,,,,,40,35,45,46,3,21,,,,,,630,,,46,,
2014,8,2,41853,380,134,130,46,2,383,378,375,381,377,382,156,380,376,148,379,385,438,387,386,437,387,386,,,,,,,,,,,,,,,,,,,10,,,,,,,,35,45,46,3,21,40,,,,,,630,,,46,,
2014,8,3,41854,154,139,133,11,1,383,378,375,381,377,382,156,380,376,148,379,385,438,437,387,386,437,387,,,,,,,,,,,,,,,,,,,10,,,,,,,,45,46,3,21,40,76,,,,,,630,,,11,,
2014,8,4,41855,152,138,131,11,1,383,378,375,381,377,382,156,380,376,148,379,385,438,386,437,387,386,437,,,,,,,,,,,,,,,,,,,10,,,,,,,,46,3,21,40,76,49,,,,,,630,,,11,,
2014,8,5,41856,129,155,147,11,1,383,378,375,381,377,382,156,380,376,148,379,385,438,387,386,437,387,386,,,,,,,,,,,,,,,,,,,10,,,,,,,,3,21,40,76,49,78,,,,,,630,,,11,,
2014,8,6,41857,132,386,380,11,1,383,378,375,381,377,382,156,380,376,148,379,385,438,437,387,386,437,387,,,,,,,,,,,,,,,,,,,10,,,,,,,,21,40,76,49,78,11,,,,,,630,,,11,,
2014,8,7,41858,375,140,136,11,1,383,378,375,381,377,382,156,380,376,148,379,385,438,386,437,387,386,437,,,,,,,,,,,,,,,,,,,10,,,,,,,,40,76,49,78,11,6,,,,,,630,,,11,,
2014,8,8,41859,152,138,131,11,1,383,378,375,381,377,382,156,380,376,148,379,385,438,387,386,437,387,386,,,,,,,,,,,,,,,,,,,10,,,,,,,,76,49,78,11,6,34,,,,,,630,,,11,,
2014,8,9,41860,155,141,157,11,1,383,378,375,381,377,382,156,380,376,148,379,385,438,437,387,386,437,387,,,,,,,,,,,,,,,,,,,10,,,,,,,,49,78,11,6,34,54,,,,,,630,,,11,,
2014,8,10,41861,382,135,132,34,1,383,378,375,381,377,382,156,380,376,148,379,385,466,386,438,387,437,386,,,,,,,,,,,,,,,,,,,10,,,,,,,,78,11,6,34,54,45,,,,,,630,,,34,,
2014,8,11,41862,133,383,378,34,1,383,378,375,381,377,382,156,380,376,148,379,385,466,438,387,437,386,438,,,,,,,,,,,,,,,,,,,10,,,,,,,,11,6,34,54,45,46,,,,,,630,,,34,,
2014,8,12,41863,142,124,385,34,1,383,378,375,381,377,382,156,380,376,148,379,385,466,387,437,386,438,387,,,,,,,,,,,,,,,,,,,10,,,,,,,,6,34,54,45,46,20,,,,,,630,,,34,,
2014,8,13,41864,145,381,155,34,1,383,378,375,381,377,382,156,380,376,148,379,385,466,437,386,438,387,437,,,,,,,,,,,,,,,,,,,10,,,,,,,,34,54,45,46,20,15,,,,,,630,,,34,,
2014,8,14,41865,148,132,127,34,1,383,378,375,381,377,382,156,380,376,148,379,385,466,386,438,387,437,386,,,,,,,,,,,,,,,,,,,10,,,,,,,,54,45,46,20,15,71,,,,,,630,,,34,,
2014,8,15,41866,378,146,139,34,1,383,378,375,381,377,382,156,380,376,148,379,385,466,438,387,437,386,438,,,,,,,,,,,,,,,,,,,10,,,,,,,,45,46,20,15,71,38,,,,,,630,,,34,,
2014,8,16,41867,137,385,153,34,1,383,378,375,381,377,382,156,380,376,148,379,385,466,387,437,386,438,387,,,,,,,,,,,,,,,,,,,10,,,,,,,,46,20,15,71,38,9,,,,,,630,,,34,,
2014,8,17,41868,155,141,157,33,4,383,378,375,381,377,382,156,380,376,148,379,385,466,437,386,438,387,437,,,,,,,,,,,,,,,,,,,10,,,,,,,,20,15,71,38,9,79,,,,,,630,,,33,,
2014,8,18,41869,144,130,126,33,4,383,378,375,381,377,382,156,380,376,148,379,385,466,386,438,387,437,386,,,,,,,,,,,,,,,,,,,10,,,,,,,,15,71,38,9,79,30,,,,,,630,,,33,,
2014,8,19,41870,133,383,378,33,4,383,378,375,381,377,382,156,380,376,148,379,385,466,438,387,437,386,438,,,,,,,,,,,,,,,,,,,10,,,,,,,,71,38,9,79,30,24,,,,,,630,,,33,,
2014,8,20,41871,131,376,152,33,4,383,378,375,381,377,382,156,380,376,148,379,385,466,387,437,386,438,387,,,,,,,,,,,,,,,,,,,10,,,,,,,,38,9,79,30,24,39,,,,,,630,,,33,,
2014,8,21,41872,157,149,145,33,4,383,378,375,381,377,382,156,380,376,148,379,385,466,437,386,438,387,437,,,,,,,,,,,,,,,,,,,10,,,,,,,,9,79,30,24,39,62,,,,,,630,,,33,,
2014,8,22,41873,148,132,127,33,4,383,378,375,381,377,382,156,380,376,148,379,385,466,386,438,387,437,386,,,,,,,,,,,,,,,,,,,10,,,,,,,,79,30,24,39,62,19,,,,,,630,,,33,,
2014,8,23,41874,140,128,387,33,4,383,378,375,381,377,382,156,380,376,148,379,385,466,438,387,437,386,438,,,,,,,,,,,,,,,,,,,10,,,,,,,,30,24,39,62,19,55,,,,,,630,,,33,,
2014,8,24,41875,155,145,380,53,1,383,378,375,381,377,382,156,380,376,148,379,385,466,387,437,386,438,387,,,,,,,,,,,,,,,,,,,10,,,,,,,,24,39,62,19,55,7,,,,,,630,,,53,,
2014,8,25,41876,148,140,387,53,1,383,378,375,381,377,382,156,380,376,148,379,385,466,437,386,438,387,437,,,,,,,,,,,,,,,,,,,10,,,,,,,,39,62,19,55,7,14,,,,,,630,,,53,,
2014,8,26,41877,377,132,130,53,1,383,378,375,381,377,382,156,380,376,148,379,385,466,386,438,387,437,386,,,,,,,,,,,,,,,,,,,10,,,,,,,,62,19,55,7,14,43,,,,,,630,,,53,,
2014,8,27,41878,151,385,146,53,1,383,378,375,381,377,382,156,380,376,148,379,385,466,438,387,437,386,438,,,,,,,,,,,,,,,,,,,10,,,,,,,,19,55,7,14,43,50,,,,,,630,,,53,,
2014,8,28,41879,154,133,139,53,1,383,378,375,381,377,382,156,380,376,148,379,385,466,387,437,386,438,387,,,,,,,,,,,,,,,,,,,10,,,,,,,,55,7,14,43,50,4,,,,,,630,,,53,,
2014,8,29,41880,386,147,157,53,1,383,378,375,381,377,382,156,380,376,148,379,385,466,437,386,438,387,437,,,,,,,,,,,,,,,,,,,10,,,,,,,,7,14,43,50,4,78,,,,,,630,,,53,,
2014,8,30,41881,156,137,124,53,1,383,378,375,381,377,382,156,380,376,148,379,385,466,386,438,387,437,386,,,,,,,,,,,,,,,,,,,10,,,,,,,,14,43,50,4,78,3,,,,,,630,,,53,,
2014,8,31,41882,379,439,149,13,2,383,378,375,381,377,382,156,380,376,148,379,385,466,438,387,437,386,438,,,,,,,,,,,,,,,,,,,10,,,,,,,,43,50,4,78,3,29,,,,,,630,,,13,,
2014,9,1,41883,375,128,378,13,2,383,378,375,381,377,382,156,380,376,148,379,385,466,387,437,386,438,387,,,,,,,,,,,,,,,,,,,10,,,,,,,,50,4,78,3,29,71,,,,,,630,,,13,,
2014,9,2,41884,145,157,155,13,2,383,378,375,381,377,382,156,380,376,148,379,385,466,437,386,438,387,437,,,,,,,,,,,,,,,,,,,10,,,,,,,,4,78,3,29,71,33,,,,,,630,,,13,,
2014,9,3,41885,134,381,377,13,2,383,378,375,381,377,382,156,380,376,148,379,385,466,386,438,387,437,386,,,,,,,,,,,,,,,,,,,10,,,,,,,,78,3,29,71,33,45,,,,,,630,,,13,,
2014,9,4,41886,138,437,142,13,2,383,378,375,381,377,382,156,380,376,148,379,385,466,438,387,437,386,438,,,,,,,,,,,,,,,,,,,10,,,,,,,,3,29,71,33,45,70,,,,,,630,,,13,,
2014,9,5,41887,376,148,125,13,2,383,378,375,381,377,382,156,380,376,148,379,385,466,387,437,386,438,387,,,,,,,,,,,,,,,,,,,10,,,,,,,,29,71,33,45,70,23,,,,,,630,,,13,,
2014,9,6,41888,141,135,382,13,2,383,378,375,381,377,382,156,380,376,148,379,385,466,437,386,438,387,437,,,,,,,,,,,,,,,,,,,10,,,,,,,,71,33,45,70,23,6,,,,,,630,,,13,,
2014,9,7,41889,380,386,466,8,4,383,378,375,381,377,382,156,380,376,148,379,385,470,386,438,387,437,466,,,,,,,,,,,,,,,,,,,10,,,,,,,,33,45,70,23,6,36,,,,,,630,,,8,,
2014,9,8,41890,152,438,153,8,4,383,378,375,381,377,382,156,380,376,148,379,385,470,386,438,387,437,466,,,,,,,,,,,,,,,,,,,10,,,,,,,,45,70,23,6,36,54,,,,,,630,,,8,,
2014,9,9,41891,148,387,383,8,4,383,378,375,381,377,382,156,380,376,148,379,385,470,386,438,387,437,466,,,,,,,,,,,,,,,,,,,10,,,,,,,,70,23,6,36,54,2,,,,,,630,,,8,,
2014,9,10,41892,126,467,379,8,4,383,378,375,381,377,382,156,380,376,148,379,385,470,386,438,387,437,466,,,,,,,,,,,,,,,,,,,10,,,,,,,,23,6,36,54,2,46,,,,,,630,,,8,,
2014,9,11,41893,125,136,376,8,4,383,378,375,381,377,382,156,380,376,148,379,385,470,386,438,387,437,466,,,,,,,,,,,,,,,,,,,10,,,,,,,,6,36,54,2,46,11,,,,,,630,,,8,,
2014,9,12,41894,385,143,437,8,4,383,378,375,381,377,382,156,380,376,148,379,385,470,386,438,387,437,466,,,,,,,,,,,,,,,,,,,10,,,,,,,,36,54,2,46,11,21,,,,,,630,,,8,,
2014,9,13,41895,379,144,129,8,4,383,378,375,381,377,382,156,380,376,148,379,385,470,386,438,387,437,466,,,,,,,,,,,,,,,,,,,10,,,,,,,,54,2,46,11,21,74,,,,,,630,,,8,,
2014,9,14,41896,140,139,375,23,1,383,378,375,381,377,382,156,380,376,148,379,385,470,386,438,387,437,466,,,,,,,,,,,,,,,,,,,10,,,,,,,,2,46,11,21,74,76,,,,,,630,,,23,,
2014,9,15,41897,132,134,141,23,1,383,378,375,381,377,382,156,380,376,148,379,385,470,386,438,387,437,466,,,,,,,,,,,,,,,,,,,10,,,,,,,,46,11,21,74,76,19,,,,,,630,,,23,,
2014,9,16,41898,155,157,147,23,1,383,378,375,381,377,382,156,380,376,148,379,385,470,386,438,387,437,466,,,,,,,,,,,,,,,,,,,10,,,,,,,,11,21,74,76,19,70,,,,,,630,,,23,,
2014,9,17,41899,151,142,124,23,1,383,378,375,381,377,382,156,380,376,148,379,385,470,386,438,387,437,466,,,,,,,,,,,,,,,,,,,10,,,,,,,,21,74,76,19,70,28,,,,,,630,,,23,,
2014,9,18,41900,133,150,128,23,1,383,378,375,381,377,382,156,380,376,148,379,385,470,386,438,387,437,466,,,,,,,,,,,,,,,,,,,10,,,,,,,,74,76,19,70,28,14,,,,,,630,,,23,,
2014,9,19,41901,138,470,137,23,1,383,378,375,381,377,382,156,380,376,148,379,385,470,386,438,387,437,466,,,,,,,,,,,,,,,,,,,10,,,,,,,,76,19,70,28,14,68,,,,,,630,,,23,,
2014,9,20,41902,377,381,135,23,1,383,378,375,381,377,382,156,380,376,148,379,385,470,386,438,387,437,466,,,,,,,,,,,,,,,,,,,10,,,,,,,,19,70,28,14,68,62,,,,,,630,,,23,,
2014,9,21,41903,144,466,129,47,1,383,378,375,381,377,382,156,380,376,148,379,385,470,386,438,387,437,466,,,,,,,,,,,,,,,,,,,10,,,,,,,,70,28,14,68,62,26,,,,,,630,,,47,,
2014,9,22,41904,136,383,154,47,1,383,378,375,381,377,382,156,380,376,148,379,385,470,386,438,387,437,466,,,,,,,20006,,,,,,,,,,,,10,,,,,,,,28,14,68,62,26,55,,,,,,630,,,47,,
2014,9,23,41905,438,131,143,47,1,383,378,375,381,377,382,156,380,376,148,379,385,470,386,438,387,437,466,,,,,,,20007,,,,,,,,,,,,10,,,,,,,,14,68,62,26,55,23,,,,,,630,,,47,,
2014,9,24,41906,380,386,145,47,1,383,378,375,381,377,382,156,380,376,148,379,385,470,386,438,387,437,466,,,,,,,20008,,,,,,,,,,,,10,,,,,,,,68,62,26,55,23,10,,,,,,630,,,47,,
2014,9,25,41907,153,146,152,47,1,383,378,375,381,377,382,156,380,376,148,379,385,470,386,438,387,437,466,,,,,,,20009,,,,,,,,,,,,10,,,,,,,,62,26,55,23,10,39,,,,,,630,,,47,,
2014,9,26,41908,149,127,382,47,1,383,378,375,381,377,382,156,380,376,148,379,385,470,386,438,387,437,466,,,,,,,20010,,,,,,,,,,,,10,,,,,,,,26,55,23,10,39,35,,,,,,630,,,47,,
2014,9,27,41909,125,378,139,47,1,383,378,375,381,377,382,156,380,376,148,379,385,470,386,438,387,437,466,,,,,,,20006,,,,,,,,,,,,10,,,,,,,,55,23,10,39,35,4,,,,,,630,,,47,,
2014,9,28,41910,155,145,386,24,4,383,378,375,381,377,382,156,380,376,148,379,385,470,386,438,387,437,466,,,,,,,20007,,,,,,,,,,,,10,,,,,,,,23,10,39,35,4,73,,,,,,630,,,24,,
2014,9,29,41911,148,140,387,24,4,383,378,375,381,377,382,156,380,376,148,379,385,470,386,438,387,437,466,,,,,,,20008,,,,,,,,,,,,10,,,,,,,,10,39,35,4,73,20,,,,,,630,,,24,,
2014,9,30,41912,377,132,126,24,4,383,378,375,381,377,382,156,380,376,148,379,385,470,386,438,387,437,466,,,,,,,20009,,,,,,,,,,,,10,,,,,,,,39,35,4,73,20,15,,,,,,630,,,24,,
2014,10,1,41913,156,151,124,24,4,383,378,375,381,377,382,156,380,376,148,379,385,470,386,438,387,437,466,,,,,,,20010,,,,,,,,,,,,10,,,,,,,,35,4,73,20,15,68,,,,,,630,,,24,,
2014,10,2,41914,154,378,470,24,4,383,378,375,381,377,382,156,380,376,148,379,385,470,386,438,387,437,466,,,,,,,20006,,,,,,,,,,,,10,,,,,,,,4,73,20,15,68,41,,,,,,630,,,24,,
2014,10,3,41915,380,466,157,24,4,383,378,375,381,377,382,156,380,376,148,379,385,470,386,438,387,437,466,,,,,,,20007,,,,,,,,,,,,10,,,,,,,,73,20,15,68,41,31,,,,,,630,,,24,,
2014,10,4,41916,129,149,379,24,4,383,378,375,381,377,382,156,380,376,148,379,385,470,386,438,387,437,466,,,,,,,20008,,,,,,,,,,,,10,,,,,,,,20,15,68,41,31,79,,,,,,630,,,24,,
2014,10,5,41917,438,137,146,51,1,383,378,375,381,377,382,156,380,376,148,379,385,470,386,438,387,437,466,,,,,,,20009,,,,,,,,,,,,10,,,,,,,,15,68,41,31,79,1,,,,,,630,,,51,,
2014,10,6,41918,375,128,125,51,1,383,378,375,381,377,382,156,380,376,148,379,385,470,386,438,387,437,466,,,,,,,20010,,,,,,,,,,,,10,,,,,,,,68,41,31,79,1,24,,,,,,630,,,51,,
2014,10,7,41919,134,381,130,51,1,383,378,375,381,377,382,156,380,376,148,379,385,470,386,438,387,437,466,,,,,,,20006,,,,,,,,,,,,10,,,,,,,,41,31,79,1,24,34,,,,,,630,,,51,,
2014,10,8,41920,138,437,153,51,1,383,378,375,381,377,382,156,380,376,148,379,385,470,386,438,387,437,466,,,,,,,20007,,,,,,,,,,,,10,,,,,,,,31,79,1,24,34,62,,,,,,630,,,51,,
2014,10,9,41921,145,157,155,51,1,383,378,375,381,377,382,156,380,376,148,379,385,470,386,438,387,437,466,,,,,,,20008,,,,,,,,,,,,10,,,,,,,,79,1,24,34,62,49,,,,,,630,,,51,,
2014,10,10,41922,148,376,136,51,1,383,378,375,381,377,382,156,380,376,148,379,385,470,386,438,387,437,466,507,,,,,,20009,,,,,,,,,,,,10,,,,,,,,1,24,34,62,49,57,,,,,,630,,,51,,
2014,10,11,41923,379,141,382,51,1,383,378,375,381,377,382,156,380,376,148,379,385,470,386,438,387,437,466,507,,,,,,20010,,,,,,,,,,,,10,,,,,,,,24,34,62,49,57,20,,,,,,630,,,51,,
2014,10,12,41924,385,152,153,14,2,383,378,375,381,377,382,156,380,376,148,379,385,470,386,438,387,437,466,507,,,,,,20006,,,,,,,,,,,,10,,,,,,,,34,62,49,57,20,12,,,,,,630,,,14,,
2014,10,13,41925,139,125,378,14,2,383,378,375,381,377,382,156,380,376,148,379,385,470,386,438,387,437,466,507,,,,,,20007,,,,,,,,,,,,10,,,,,,,,62,49,57,20,12,37,,,,,,630,,,14,,
2014,10,14,41926,386,380,147,14,2,383,378,375,381,377,382,156,380,376,148,379,385,470,386,438,387,437,466,507,,,,,,20008,,,,,,,,,,,,10,,,,,,,,49,57,20,12,37,54,,,,,,630,,,14,,
2014,10,15,41927,507,377,126,14,2,383,378,375,381,377,382,156,380,376,148,379,385,470,386,438,387,437,466,507,,,,,,20009,,,,,,,,,,,,10,,,,,,,,57,20,12,37,54,19,,,,,,630,,,14,,
2014,10,16,41928,143,385,437,14,2,383,378,375,381,377,382,156,380,376,148,379,385,470,386,438,387,437,466,507,,,,,,20010,,,,,,,,,,,,10,,,,,,,,20,12,37,54,19,52,,,,,,630,,,14,,
2014,10,17,41929,378,470,376,14,2,383,378,375,381,377,382,156,380,376,148,379,385,470,386,438,387,437,466,507,,,,,,20006,,,,,,,,,,,,10,,,,,,,,12,37,54,19,52,28,,,,,,630,,,14,,
2014,10,18,41930,379,135,129,14,2,383,378,375,381,377,382,156,380,376,148,379,385,470,386,438,387,437,466,507,,,,,,20007,,,,,,,,,,,,10,,,,,,,,37,54,19,52,28,17,,,,,,630,,,14,,
2014,10,19,41931,140,148,128,56,1,383,378,375,381,377,382,156,380,376,148,379,385,470,386,438,387,437,466,507,,,,,,20008,,,,,,,,,,,,10,,,,,,,,54,19,52,28,17,36,,,,,,630,,,56,,
2014,10,20,41932,151,438,124,56,1,383,378,375,381,377,382,156,380,376,148,379,385,470,386,438,387,437,466,507,,,,,,20009,,,,,,,,,,,,10,,,,,,,,19,52,28,17,36,76,,,,,,630,,,56,,
2014,10,21,41933,134,126,132,56,1,383,378,375,381,377,382,156,380,376,148,379,385,470,386,438,387,437,466,507,,,,,,20010,,,,,,,,,,,,10,,,,,,,,52,28,17,36,76,2,,,,,,630,,,56,,
2014,10,22,41934,375,136,125,56,1,383,378,375,381,377,382,156,380,376,148,379,385,470,386,438,387,437,466,507,,,,,,20006,,,,,,,,,,,,10,,,,,,,,28,17,36,76,2,55,,,,,,630,,,56,,
2014,10,23,41935,156,142,137,56,1,383,378,375,381,377,382,156,380,376,148,379,385,470,386,438,387,437,466,507,,,,,,20007,,,,,,,,,,,,10,,,,,,,,17,36,76,2,55,11,,,,,,630,,,56,,
2014,10,24,41936,466,381,386,56,1,383,378,375,381,377,382,156,380,376,148,379,385,470,386,438,387,437,466,507,,,,,,20008,,,,,,,,,,,,10,,,,,,,,36,76,2,55,11,14,,,,,,630,,,56,,
2014,10,25,41937,144,130,145,56,1,383,378,375,381,377,382,156,380,376,148,379,385,470,386,438,387,437,466,507,,,,,,20009,,,,,,,,,,,,10,,,,,,,,76,2,55,11,14,40,,,,,,630,,,56,,
2014,10,26,41938,153,131,152,53,1,383,378,375,381,377,382,156,380,376,148,379,385,470,386,438,387,437,466,507,,,,,,20010,,,,,,,,,,,,10,,,,,,,,2,55,11,14,40,35,,,,,,630,,,53,,
2014,10,27,41939,133,378,154,53,1,383,378,375,381,377,382,156,380,376,148,379,385,470,386,438,387,437,466,507,507,,,,,20006,,,,,,,,,,,,10,,,,,,,,55,11,14,40,35,9,,,,,,630,,,53,,
2014,10,28,41940,157,127,382,53,1,383,378,375,381,377,382,156,380,376,148,379,385,470,386,438,387,437,466,507,507,,,,,20007,,,,,,,,,,,,10,,,,,,,,11,14,40,35,9,32,,,,,,630,,,53,,
2014,10,29,41941,147,386,380,53,1,383,378,375,381,377,382,156,380,376,148,379,385,470,386,438,387,437,466,507,507,,,,,20008,,,,,,,,,,,,10,,,,,,,,14,40,35,9,32,30,,,,,,630,,,53,,
2014,10,30,41942,125,139,438,53,1,383,378,375,381,377,382,156,380,376,148,379,385,470,386,438,387,437,466,507,507,,,,,20009,,,,,,,,,,,,10,,,,,,,,40,35,9,32,30,24,,,,,,630,,,53,,
2014,10,31,41943,149,507,377,53,1,383,378,375,381,377,382,156,380,376,148,379,385,470,386,438,387,437,466,507,507,,,,,20010,,,,,,,,,,,,10,,,,,,,,35,9,32,30,24,36,,,,,,630,,,53,,
2014,11,1,41944,379,387,383,53,1,383,378,375,381,377,382,156,380,376,148,379,385,470,386,438,387,437,466,507,507,,,,,20006,,,,,,,,,,,,10,,,,,,,,9,32,30,24,36,44,,,,,,630,,,53,,
2014,11,2,41945,380,466,145,23,1,383,378,375,381,377,382,156,380,376,148,379,385,470,386,438,387,437,466,507,507,,,,,20007,,,,,,,,,,,,10,,,,,,,,32,30,24,36,44,26,,,,,,630,,,23,,
2014,11,3,41946,138,385,142,23,1,383,378,375,381,377,382,156,380,376,148,379,385,470,386,438,387,437,466,507,507,,,,,20008,,,,,,,,,,,,10,,,,,,,,30,24,36,44,26,78,,,,,,630,,,23,,
2014,11,4,41947,141,379,381,16,1,383,378,375,381,377,382,156,380,376,148,379,385,470,386,438,387,437,466,507,507,,,,,20009,,,,,,,,,,,,10,,,,,,,,24,36,44,26,78,23,,,,,,630,,,16,,
2014,11,5,41948,154,125,136,16,1,383,378,375,381,377,382,156,380,376,148,379,385,470,386,438,387,437,466,507,507,,,,,20010,,,,,,,,,,,,10,,,,,,,,36,44,26,78,23,14,,,,,,630,,,16,,
2014,11,6,41949,147,155,157,16,1,383,378,375,381,377,382,156,380,376,148,379,385,470,386,438,387,437,466,507,507,,,,,20006,,,,,,,,,,,,10,,,,,,,,44,26,78,23,14,71,,,,,,630,,,16,,
2014,11,7,41950,152,438,151,16,1,383,378,375,381,377,382,156,380,376,148,379,385,470,386,438,387,437,466,507,507,,,,,20007,,,,,,,,,,,,10,,,,,,,,26,78,23,14,71,41,,,,,,630,,,16,,
2014,11,8,41951,375,140,150,16,1,383,378,375,381,377,382,156,380,376,148,379,385,470,386,438,387,437,466,507,507,,,,,20008,,,,,,,,,,,,10,,,,,,,,78,23,14,71,41,45,,,,,,630,,,16,,
2014,11,9,41952,134,149,130,56,1,383,378,375,381,377,382,156,380,376,148,379,385,470,386,438,387,437,466,507,524,,,,,20009,,,,,,,,,,,,10,,,,,,,,23,14,71,41,45,52,,,,,,630,,,56,,
2014,11,10,41953,466,376,152,56,1,383,378,375,381,377,382,156,380,376,148,379,385,470,386,438,387,437,466,507,524,,,,,20010,,,,,,,,,,,,10,,,,,,,,14,71,41,45,52,3,,,,,,630,,,56,,
2014,11,11,41954,128,470,381,56,1,383,378,375,381,377,382,156,380,376,148,379,385,470,386,438,387,437,466,507,524,,,,,20006,,,,,,,,,,,,10,,,,,,,,71,41,45,52,3,24,,,,,,630,,,56,,
2014,11,12,41955,141,377,382,56,1,383,378,375,381,377,382,156,380,376,148,379,385,470,386,438,387,437,466,507,524,,,,,20007,,,,,,,,,,,,10,,,,,,,,41,45,52,3,24,37,,,,,,630,,,56,,
2014,11,13,41956,386,129,380,56,1,383,378,375,381,377,382,156,380,376,148,379,385,470,386,438,387,437,466,507,524,,,,,20008,,,,,,,,,,,,10,,,,,,,,45,52,3,24,37,38,,,,,,630,,,56,,
2014,11,14,41957,153,146,438,56,1,383,378,375,381,377,382,156,380,376,148,379,385,470,386,438,387,437,466,507,524,,,,,20009,,,,,,,,,,,,10,,,,,,,,52,3,24,37,38,26,,,,,,630,,,56,,
2014,11,15,41958,383,148,154,56,1,383,378,375,381,377,382,156,380,376,148,379,385,470,386,438,387,437,466,507,524,,,,,20010,,,,,,,,,,,,10,,,,,,,,3,24,37,38,26,73,,,,,,630,,,56,,
2014,11,16,41959,151,385,153,58,1,383,378,375,381,377,382,156,380,376,148,379,385,470,386,438,387,437,466,507,524,,,,,20006,,,,,,,,,,,,10,,,,,,,,24,37,38,26,73,1,,,,,,630,,,58,,
2014,11,17,41960,377,143,507,58,1,383,378,375,381,377,382,156,380,376,148,379,385,470,386,438,387,437,466,507,524,,,,,20007,,,,,,,,,,,,10,,,,,,,,37,38,26,73,1,29,,,,,,630,,,58,,
2014,11,18,41961,380,145,466,58,1,383,378,375,381,377,382,156,380,376,148,379,385,470,386,438,387,437,466,507,524,,,,,20008,,,,,,,,,,,,10,,,,,,,,38,26,73,1,29,40,,,,,,630,,,58,,
2014,11,19,41962,378,387,379,58,1,383,378,375,381,377,382,156,380,376,148,379,385,470,386,438,387,437,466,507,524,,,,,20009,,,,,,,,,,,,10,,,,,,,,26,73,1,29,40,54,,,,,,630,,,58,,
2014,11,20,41963,152,383,136,58,1,383,378,375,381,377,382,156,380,376,148,379,385,470,386,438,387,437,466,507,524,,,,,20010,,,,,,,,,,,,10,,,,,,,,73,1,29,40,54,49,,,,,,630,,,58,,
2014,11,21,41964,382,135,149,58,1,383,378,375,381,377,382,156,380,376,148,379,385,470,386,438,387,437,466,507,524,,,,,20006,,,,,,,,,,,,10,,,,,,,,1,29,40,54,49,79,,,,,,630,,,58,,
2014,11,22,41965,140,146,128,58,1,383,378,375,381,377,382,156,380,376,148,379,385,470,386,438,387,437,466,507,524,,,,,20007,,,,,,,,,,,,10,,,,,,,,29,40,54,49,79,23,,,,,,630,,,58,,
